{"accuracy": [0.5026460886001587, 0.5071330070495605, 0.507017970085144, 0.5028187036514282, 0.49867695569992065, 0.49902209639549255, 0.5070754885673523, 0.5028762221336365, 0.496491014957428, 0.49620339274406433, 0.4988495111465454, 0.49752646684646606, 0.49959734082221985, 0.5, 0.4943051040172577, 0.4959157705307007, 0.4954555928707123, 0.49764150381088257, 0.5006327629089355, 0.5033939480781555, 0.4955706298351288, 0.4926944375038147, 0.4991946518421173, 0.49217671155929565, 0.4957432150840759, 0.4953405559062958, 0.49263691902160645, 0.49879199266433716, 0.4916589856147766, 0.49539807438850403, 0.5001725554466248, 0.49626094102859497, 0.49539807438850403, 0.4979291260242462, 0.4994247555732727, 0.4988495111465454, 0.4985043704509735, 0.4951104521751404, 0.4975839853286743, 0.49959734082221985, 0.5, 0.4976990222930908, 0.4982742667198181, 0.49620339274406433, 0.49844685196876526, 0.4965485632419586, 0.4997698962688446, 0.49413254857063293, 0.49867695569992065, 0.49798664450645447], "loss": [29.64791488647461, 1.5739387273788452, 0.9148263335227966, 0.8064698576927185, 0.7831315994262695, 0.7563530206680298, 0.7366873025894165, 0.7134632468223572, 0.7025516033172607, 0.6992308497428894, 0.6960036158561707, 0.6971280574798584, 0.6952856779098511, 0.6964184641838074, 0.6953595876693726, 0.7025136947631836, 0.6954697370529175, 0.6951876878738403, 0.6945937275886536, 0.6944968104362488, 0.6953515410423279, 0.6949307918548584, 0.693156361579895, 0.6956133246421814, 0.6977168917655945, 0.6932756304740906, 0.6932633519172668, 0.6932883858680725, 0.6990599632263184, 0.6932086944580078, 0.6931334137916565, 0.6934217810630798, 0.6932114362716675, 0.6931934952735901, 0.6932001113891602, 0.6960970759391785, 0.6931820511817932, 0.69386887550354, 0.6932063102722168, 0.6936714053153992, 0.6931602358818054, 0.6931626200675964, 0.6931911706924438, 0.6932656168937683, 0.6937397718429565, 0.693180501461029, 0.693279504776001, 0.6932081580162048, 0.6937528252601624, 0.6931564211845398], "val_accuracy": [0.5006902813911438, 0.5048320293426514, 0.4988495111465454, 0.5009204149246216, 0.5009204149246216, 0.5126553177833557, 0.49401748180389404, 0.5009204149246216, 0.4995397925376892, 0.5004602074623108, 0.4990796148777008, 0.5009204149246216, 0.4990796148777008, 0.5009204149246216, 0.5009204149246216, 0.5009204149246216, 0.5009204149246216, 0.4990796148777008, 0.4990796148777008, 0.5009204149246216, 0.5009204149246216, 0.4990796148777008, 0.5009204149246216, 0.5009204149246216, 0.5009204149246216, 0.5009204149246216, 0.5009204149246216, 0.4990796148777008, 0.4990796148777008, 0.4990796148777008, 0.5009204149246216, 0.5009204149246216, 0.5009204149246216, 0.5009204149246216, 0.4990796148777008, 0.5009204149246216, 0.4990796148777008, 0.4990796148777008, 0.4990796148777008, 0.4990796148777008, 0.4990796148777008, 0.4990796148777008, 0.5009204149246216, 0.4990796148777008, 0.4990796148777008, 0.4990796148777008, 0.5009204149246216, 0.5009204149246216, 0.4990796148777008, 0.4990796148777008], "val_loss": [1.0361623764038086, 0.6957088708877563, 0.702953040599823, 0.7071449756622314, 0.7027572989463806, 0.6922982931137085, 0.6945169568061829, 0.6931487917900085, 0.6930551528930664, 0.6931807398796082, 0.6931523084640503, 0.6931451559066772, 0.6931632161140442, 0.6931463479995728, 0.6931459903717041, 0.6931454539299011, 0.6931468844413757, 0.6931484937667847, 0.6932004690170288, 0.6931664943695068, 0.6931455135345459, 0.6932014226913452, 0.6931454539299011, 0.6931460499763489, 0.6931464076042175, 0.6931489109992981, 0.693148136138916, 0.6931599378585815, 0.6931528449058533, 0.6931635737419128, 0.6931458115577698, 0.6931455135345459, 0.693146288394928, 0.6931508779525757, 0.6931643486022949, 0.6931672096252441, 0.6931565403938293, 0.6931475400924683, 0.6931691765785217, 0.6931570172309875, 0.6931495070457458, 0.693202793598175, 0.693145751953125, 0.6931605339050293, 0.6931504607200623, 0.6931846737861633, 0.6931473016738892, 0.6931542754173279, 0.6931661367416382, 0.6932002902030945]}