{"accuracy": [0.5423377752304077, 0.5422802567481995, 0.5406120419502258, 0.5410147309303284, 0.5390589237213135, 0.5395766496658325, 0.5385411977767944, 0.5434882640838623, 0.5449838638305664, 0.5415324568748474, 0.5495283007621765, 0.5454440712928772, 0.5457892417907715, 0.5535550117492676, 0.5369880199432373, 0.5407846570014954, 0.543143093585968, 0.5460193157196045, 0.5486078858375549, 0.5478025674819946, 0.5395766496658325, 0.5530372858047485, 0.5580993890762329, 0.5511389970779419, 0.5515416264533997, 0.5446962714195251, 0.5485503673553467, 0.5468246936798096, 0.5492982268333435, 0.548665463924408, 0.5450414419174194, 0.5464795231819153, 0.5503911375999451, 0.5511389970779419, 0.5455015897750854, 0.5436608195304871, 0.546422004699707, 0.5433732271194458, 0.5402669310569763, 0.5492407083511353, 0.5448113083839417, 0.5479751229286194, 0.5473423600196838, 0.5469972491264343, 0.5435457825660706, 0.5384836792945862, 0.5419926643371582, 0.5399792790412903, 0.5383110642433167, 0.5410147309303284], "loss": [0.6892566680908203, 0.6887378096580505, 0.6885042190551758, 0.6890290379524231, 0.6887295842170715, 0.6885433197021484, 0.6889821887016296, 0.6886805295944214, 0.6880274415016174, 0.6881296634674072, 0.6869027018547058, 0.6879805326461792, 0.687579870223999, 0.6871835589408875, 0.6883852481842041, 0.688588559627533, 0.687990665435791, 0.687559962272644, 0.6866844892501831, 0.6875841617584229, 0.6879032850265503, 0.6867812275886536, 0.6856573820114136, 0.687515914440155, 0.6868741512298584, 0.6880119442939758, 0.6866204142570496, 0.6874110102653503, 0.6865535974502563, 0.6867119073867798, 0.6865670680999756, 0.6869716048240662, 0.6865842938423157, 0.6864632368087769, 0.6864516735076904, 0.6871963143348694, 0.6872475743293762, 0.6876416206359863, 0.687628984451294, 0.6869683265686035, 0.6872470378875732, 0.6869946122169495, 0.6876031160354614, 0.6875119805335999, 0.6878481507301331, 0.6896640062332153, 0.6892427802085876, 0.6886228919029236, 0.6885541677474976, 0.6878753900527954], "val_accuracy": [0.5450989603996277, 0.5418775677680969, 0.5379659533500671, 0.5404970049858093, 0.553152322769165, 0.5503911375999451, 0.5434882640838623, 0.5460193157196045, 0.5430280566215515, 0.5457892417907715, 0.5444086790084839, 0.5377358198165894, 0.5455591082572937, 0.5345144867897034, 0.5441785454750061, 0.556373655796051, 0.526691198348999, 0.5497008562088013, 0.5469397306442261, 0.5285319685935974, 0.552922248840332, 0.5407270789146423, 0.5455591082572937, 0.5363552570343018, 0.5427979826927185, 0.5427979826927185, 0.5549930930137634, 0.5469397306442261, 0.5508513450622559, 0.5393465161323547, 0.5464795231819153, 0.5370455384254456, 0.5510814785957336, 0.5508513450622559, 0.5510814785957336, 0.5363552570343018, 0.5469397306442261, 0.532673716545105, 0.5287621021270752, 0.5386562347412109, 0.5400367975234985, 0.5441785454750061, 0.5398067235946655, 0.5370455384254456, 0.5361251831054688, 0.5416474938392639, 0.5455591082572937, 0.5434882640838623, 0.5335941314697266, 0.5444086790084839], "val_loss": [0.6889417767524719, 0.6891204714775085, 0.6895521283149719, 0.6910277009010315, 0.6881763935089111, 0.6886213421821594, 0.6883412003517151, 0.6875602006912231, 0.6890692114830017, 0.6885738968849182, 0.6886002421379089, 0.6896174550056458, 0.6879163980484009, 0.6913477182388306, 0.6899467706680298, 0.6879584789276123, 0.6908400654792786, 0.6879965662956238, 0.6876640915870667, 0.6888037323951721, 0.686637818813324, 0.688630998134613, 0.6879155039787292, 0.6892677545547485, 0.6877517700195312, 0.688599705696106, 0.6867029666900635, 0.6882467865943909, 0.6884894371032715, 0.688873827457428, 0.6887373328208923, 0.689045786857605, 0.6875218749046326, 0.6877024173736572, 0.6879295706748962, 0.6884973645210266, 0.6886792182922363, 0.6888719797134399, 0.689495325088501, 0.6880733966827393, 0.6893653869628906, 0.689379096031189, 0.6884311437606812, 0.6893565058708191, 0.6898680329322815, 0.6899826526641846, 0.6882176995277405, 0.6891223192214966, 0.6888879537582397, 0.6883763670921326]}